ImporterKey,ImporterAbbreviation,ImporterName,ImporterActiveFlag
0,TR,Turkey,1
1,XV,Various,1
2,BE,Belgium,1
3,DK,Denmark,1
4,BR,Brazil,1
5,CH,Switzerland,1
6,US,United States,1
7,AU,Australia,1
8,CA,Canada,1
9,IL,Israel,1
10,JP,Japan,1
11,KP,"Korea, Democratic People's Republic of",1
12,KR,"Korea, Republic of",1
13,MC,Monaco,1
14,GB,United Kingdom,1
15,CN,China,1
16,SG,Singapore,1
17,ZA,South Africa,1
18,NL,Netherlands,1
19,DE,Germany,1
20,AT,Austria,1
21,NO,Norway,1
22,RU,Russian Federation,1
23,FR,France,1
24,XX,Unknown States,1
25,FO,Faroe Islands,1
26,IS,Iceland,1
27,ES,Spain,1
28,SE,Sweden,1
29,ID,Indonesia,1
30,IR,"Iran, Islamic Republic of",1
31,AR,Argentina,1
32,HU,Hungary,1
33,IT,Italy,1
34,MX,Mexico,1
35,OM,Oman,1
36,PK,Pakistan,1
37,VN,Viet Nam,1
38,AE,United Arab Emirates,1
39,BY,Belarus,1
40,FI,Finland,1
41,PH,Philippines,1
42,UZ,Uzbekistan,1
43,TN,Tunisia,1
44,PT,Portugal,1
45,CZ,Czech Republic,1
46,LT,Lithuania,1
47,RS,Serbia,1
48,SK,Slovakia,1
49,TD,Chad,1
50,KW,Kuwait,1
51,QA,Qatar,1
52,SA,Saudi Arabia,1
53,TW,"Taiwan, Province of China",1
54,TZ,"Tanzania, United Republic of",1
55,BH,Bahrain,1
56,TH,Thailand,1
57,BS,Bahamas,1
58,CR,Costa Rica,1
59,KG,Kyrgyzstan,1
60,KZ,Kazakhstan,1
61,SR,Suriname,1
62,NZ,New Zealand,1
63,PA,Panama,1
64,BG,Bulgaria,1
65,GR,Greece,1
66,IN,India,1
67,HK,Hong Kong,1
68,PL,Poland,1
69,RO,Romania,1
70,NP,Nepal,1
71,MY,Malaysia,1
72,JE,Jersey,1
73,MD,"Moldova, Republic of",1
74,BB,Barbados,1
75,RE,Réunion,1
76,PE,Peru,1
77,PF,French Polynesia,1
78,CU,Cuba,1
79,SN,Senegal,1
80,BD,Bangladesh,1
81,CO,Colombia,1
82,EG,Egypt,1
83,MA,Morocco,1
84,SZ,Swaziland,1
85,AM,Armenia,1
86,AZ,Azerbaijan,1
87,BL,Saint Barthélemy,1
88,UA,Ukraine,1
89,UG,Uganda,1
90,BN,Brunei Darussalam,1
91,CG,Congo,1
92,LB,Lebanon,1
93,MO,Macao,1
94,TM,Turkmenistan,1
95,CY,Cyprus,1
96,MG,Madagascar,1
97,CL,Chile,1
98,GG,Guernsey,1
99,IE,Ireland,1
100,KY,Cayman Islands,1
101,LI,Liechtenstein,1
102,GE,Georgia,1
103,BA,Bosnia and Herzegovina,1
104,BM,Bermuda,1
105,BW,Botswana,1
106,ET,Ethiopia,1
107,GL,Greenland,1
108,JO,Jordan,1
109,KE,Kenya,1
110,KH,Cambodia,1
111,PG,Papua New Guinea,1
112,UY,Uruguay,1
113,ZW,Zimbabwe,1
114,MN,Mongolia,1
115,GI,Gibraltar,1
116,IQ,Iraq,1
117,SI,Slovenia,1
118,SD,Sudan,1
119,MM,Myanmar,1
120,EE,Estonia,1
121,HR,Croatia,1
122,LU,Luxembourg,1
123,LV,Latvia,1
124,,Namibia,1
125,TJ,Tajikistan,1
126,EC,Ecuador,1
127,CD,"Congo, the Democratic Republic of the",1
128,GT,Guatemala,1
129,TT,Trinidad and Tobago,1
130,IM,Isle of Man,1
131,MK,"Macedonia, the Former Yugoslav Republic of",1
132,PY,Paraguay,1
133,MU,Mauritius,1
134,NC,New Caledonia,1
135,AF,Afghanistan,1
136,CW,Curaçao,1
137,GF,French Guiana,1
138,ME,Montenegro,1
139,SX,Sint Maarten (Dutch part),1
140,AW,Aruba,1
141,CI,Côte d'Ivoire,1
142,GP,Guadeloupe,1
143,MQ,Martinique,1
144,MV,Maldives,1
145,LK,Sri Lanka,1
146,DZ,Algeria,1
147,AO,Angola,1
148,NI,Nicaragua,1
149,DO,Dominican Republic,1
150,GH,Ghana,1
151,AG,Antigua and Barbuda,1
152,KN,Saint Kitts and Nevis,1
153,AD,Andorra,1
154,AL,Albania,1
155,AN,Netherlands Antilles,1
156,BJ,Benin,1
157,CM,Cameroon,1
158,DJ,Djibouti,1
159,GA,Gabon,1
160,HN,Honduras,1
161,LA,Lao People's Democratic Republic,1
162,LC,Saint Lucia,1
163,MR,Mauritania,1
164,MW,Malawi,1
165,SC,Seychelles,1
166,SM,San Marino,1
167,SV,El Salvador,1
168,VA,Holy See (Vatican City State),1
169,VE,"Venezuela, Bolivarian Republic of",1
170,VG,"Virgin Islands, British",1
171,BO,"Bolivia, Plurinational State of",1
172,BZ,Belize,1
173,CC,Cocos (Keeling) Islands,1
174,ER,Eritrea,1
175,FJ,Fiji,1
176,GD,Grenada,1
177,GN,Guinea,1
178,GU,Guam,1
179,GY,Guyana,1
180,HT,Haiti,1
181,JM,Jamaica,1
182,LR,Liberia,1
183,LY,Libya,1
184,MF,Saint Martin (French part),1
185,MP,Northern Mariana Islands,1
186,MT,Malta,1
187,MZ,Mozambique,1
188,NG,Nigeria,1
189,PR,Puerto Rico,1
190,TC,Turks and Caicos Islands,1
191,TG,Togo,1
192,TL,Timor-Leste,1
193,VI,"Virgin Islands, U.S.",1
194,ML,Mali,1
195,SU,Soviet Union,0
196,NE,Niger,1
197,BQ,"Bonaire, Sint Eustatius and Saba",1
198,CV,Cape Verde,1
199,GM,Gambia,1
200,YE,Yemen,1
201,YU,Former Yugoslavia,0
202,ZM,Zambia,1
203,BF,Burkina Faso,1
204,YT,Mayotte,1
205,PW,Palau,1
206,WS,Samoa,1
207,VC,Saint Vincent and the Grenadines,1
208,KI,Kiribati,1
209,SY,Syrian Arab Republic,1
210,CF,Central African Republic,1
211,TK,Tokelau,1
212,DM,Dominica,1
213,GQ,Equatorial Guinea,1
214,TF,French Southern Territories,1
215,AI,Anguilla,1
216,RW,Rwanda,1
